product_name,price,referral_link
rubber duck,$8.99,https://www.amazon.com/sspa/click?ie=UTF8&spc=MTo1NjM2Mzc3OTEzMzI5MDU6MTcyOTIwNjc2MjpzcF9hdGY6MjAwMDkyNTI0MjMzNjk4OjowOjo&url=%2FMYLIFEUNIT-Yellow-Rubber-Ducks-Child%2Fdp%2FB014URRS2G%2Fref%3Dsr_1_1_sspa%3Fdib%3DeyJ2IjoiMSJ9.slQfhzmBZuMKxunycYurk3rolMskUR1RmWSe1F_5gllhBdQlKqiHDBEdGyBBB2-nuW70ARmoR6ehnZb1s22m_5XprZBObD3Kyj1xm3Qeg2JQZQecqSDefL-89a1bXdhyZEvPzgaQzxaFgcXg--jrvucK7vbiWzjBgM9wtZxXOIdyq0tnWMXse1i5GqOIxdXD6n6PYW3guPwo7sUnuRzGutQfPC4zSs7miKwvXCoFokc6MkQNADu-COkx1N_ZQccv-nBa64GtquWvJIz6hzfDzTRrgimA5duMRdGwfW9xa8Y.sFOFeDIqryuBVxJtHkJuS27ztTfpCJMV1r0isp-7aJI%26dib_tag%3Dse%26keywords%3Drubber%2Bduck%26qid%3D1729206762%26sr%3D8-1-spons%26sp_csd%3Dd2lkZ2V0TmFtZT1zcF9hdGY%26psc%3D1?tag=bdsmbbq-21
Yodelling Pickle,$7.99,https://www.amazon.com/sspa/click?ie=UTF8&spc=MToxODc4NDI1ODcxOTQ5MTc3OjE3MjkyMDc3MzI6c3BfYXRmOjMwMDA0MTk3NDY5MjAwMjo6MDo6&url=%2FDR-DINGUS-Yodeling-Pickle-Entertainment%2Fdp%2FB0C2N6XDM1%2Fref%3Dsr_1_1_sspa%3Fdib%3DeyJ2IjoiMSJ9.BWS2cWpW1kyUn92em4JOByZuvXAJUn0EQEuTvwr6dKf0VmWe3REToDcXODosuZ4Cny2NCjJxfjOrHaLldjJONidKipe6UVd47v0H-Wjo77_t9GQgC5ij3idbrGYdP5lc_ZCwH3aYs9macgQG1lqmtU_XHC30G7cFgNtylYHhUug.jl1YXW5b9hc2bkQi5ed0Ffz6qS1jVDKdaYYnoVxPTvE%26dib_tag%3Dse%26keywords%3DYodelling%2BPickle%26qid%3D1729207732%26sr%3D8-1-spons%26sp_csd%3Dd2lkZ2V0TmFtZT1zcF9hdGY%26psc%3D1?tag=bdsmbbq-21
Bacon Flavored Toothpaste,$9.99,https://www.amazon.com/Fresh-Pig-Bacon-Flavored-Toothpaste/dp/B09ZQGGGQZ/ref=sr_1_2?dib=eyJ2IjoiMSJ9.r4gtgx5zbHVGpcTa4gXweWyiFFXpWrbhWs_9Phox60cuTkT_qlcGBL2ltdobvoz4MMXpi7hlHyFWcbLHpKq-Yh6mY0gqj7PNIpBSoZ9AS-AK46jr5CwHR4uedKFt4lJkjcftoWNZeocuX_ax1z_aM9dhU6TRHt-keZFYTFHoTpzqs5tVsecwI_NLkBwY7XqAX-3svqnyT64-CgimjyR_KmQK3CHYPP-D58TB1ffFqNA.d4Y9W7uHz-6fRPsCtKJzTM2lh2pKX6C_JC7ssf_LPGc&dib_tag=se&keywords=Bacon+Flavored+Toothpaste&qid=1729207749&sr=8-2?tag=bdsmbbq-21
Nicolas Cage Sequin Pillow Cover,$12.99,https://www.amazon.com/sspa/click?ie=UTF8&spc=MTozNTYyNTM0NTg1ODk1MjE3OjE3MjkyMDc3NzE6c3BfYXRmOjMwMDE2MDc4NzI0MDEwMjo6MDo6&url=%2FLydeLog-Nicolas-Reversible-Decorative-Cushion%2Fdp%2FB0CQP3ZJ2G%2Fref%3Dsr_1_1_sspa%3Fdib%3DeyJ2IjoiMSJ9.apP7dFRHmzkd0Gli2rbesPGveQn2CP8dpHEGbvBsygYZF6EA06at-MIy1aZpCtVu5BcnsfDkG3MSyeU5gbWHwhddiu2dnlAcMKkGAjaMfEAHnq_LATOk0mVQobIxxBlpj8xSBRwQQOeWS142aKi-YtOtjDvEmwL5PqR8JDJY0kysI83ZdCMNjK2c1ACsM6e-T6gO9AQtv1Uo3FuMFwZQT2OOCH3Yl7X3TQXrC9G0rWBjdQwNPaJcDybJAd6HLFD3AjAfiE0u0Vslt7oFCyPexxsQqaGKzlmi8qBvDR55lqU.NYbj7zuNyYrKDOryWGngURsws1-pqnk7SnXidwlK_wc%26dib_tag%3Dse%26keywords%3DNicolas%2BCage%2BSequin%2BPillow%2BCover%26qid%3D1729207771%26sr%3D8-1-spons%26sp_csd%3Dd2lkZ2V0TmFtZT1zcF9hdGY%26psc%3D1?tag=bdsmbbq-21
Inflatable Dinosaur Costume,$39.99,https://www.amazon.com/sspa/click?ie=UTF8&spc=MTo2NzczMzY5MjY0MjA1MDg4OjE3MjkyMDc3ODM6c3BfYXRmOjMwMDQzMDY5MDk3OTQwMjo6MDo6&url=%2FYEAHBEER-Inflatable-Dinosaur-Costume-Halloween%2Fdp%2FB0D6KMTR9J%2Fref%3Dsr_1_1_sspa%3Fdib%3DeyJ2IjoiMSJ9.-br7hYQ7Sl1V7lA5ruVWKmvvEx6kKHOMTH1uF9XCCTiEkeU0Yuh8rWfzfLnY8E45_VWEOaHBn9PjREZ5R1MCtY0B8M-n8w1tVJ2jGhKe3DEZuoOnT9dGj5orpkcpP_-MQ_HzsfdF2hW9xrEfxgbQJ-_l7E9iPE_x6FyZP6EjlJqwckFXuCjVGz10ZgZJNDNWE-HP2BvM-Z-0Yc0nv9_zogaxR1mgdFsC1iUWY6Hh6V87BhEAMzPmD_rAlXzSdSp5prW7GyxtDzoSLsaShJXM22dEyiSgd2P2c0W0fTjOn0A.hUykXulaI8jqBhhlEIQ72d2DGlmYxNTJVOjpptBXxqo%26dib_tag%3Dse%26keywords%3DInflatable%2BDinosaur%2BCostume%26qid%3D1729207782%26sr%3D8-1-spons%26sp_csd%3Dd2lkZ2V0TmFtZT1zcF9hdGY%26psc%3D1?tag=bdsmbbq-21
Cat Butt Tissue Holder,$40.95,https://www.amazon.com/sspa/click?ie=UTF8&spc=MTo3NzA2Mzg0MjYzOTA5NTU3OjE3MjkyMDc3OTM6c3BfYXRmOjMwMDMxNDUwNTk4MjEwMjo6MDo6&url=%2FHome-X-Tissue-Holder-Lovers-Hilarious%2Fdp%2FB08P5ZL81X%2Fref%3Dsr_1_1_sspa%3Fdib%3DeyJ2IjoiMSJ9.S4jaix5SEAuPNQ7RziIIodMOpheXM49vyhuGcLEJpOdotyw4zKPx1jPSr_70Th0pkJe5CNg7QEhdoTGaTn_VTgt91rjwd751LBAikraWGQnNETtCrG0QrIhaSGOnqyHf7QpBshmqb9JUVnbYj8PT38cgMPnmvaxtK4oYvm2HMra0rR9zgr-LOwxgSm8rUcEifYVz6GJbhX8GwlFM_YHWabm78CFsScqCs-OemjJgowLzSyOS0c--VaEOl8PndWUraICj7rKgeIcNMIMos3nauRL53zLxvhkdNOjlzqWhFJk.PjwTjd-D8ZAhSZgifA1cjZoDcmRMx6IzURbJtdeYQfs%26dib_tag%3Dse%26keywords%3DCat%2BButt%2BTissue%2BHolder%26qid%3D1729207793%26sr%3D8-1-spons%26sp_csd%3Dd2lkZ2V0TmFtZT1zcF9hdGY%26psc%3D1?tag=bdsmbbq-21
Life-Size Cardboard Cutout of Danny DeVito,$64.95,https://www.amazon.com/Novelty-Native-Standup-Cardboard-Creaseless/dp/B0CFJ31CJV/ref=sr_1_1?dib=eyJ2IjoiMSJ9.XztQZa-EYo7k250tlqwZrqTxNmfZ4lZU736R4r8D4sG9-BCbRs9Noj1rX6rcZN8Fd1MZClAl0_TbSbl-5G8rA86oPurpTdIYhmunZZhd_7Ni-rrxos4DjL7Srq8uml5RCBH7GDoF3ZXTd87DlDYWXVAeuWQy-nrHXNW4h8p10RfijD28DsxS2q2rg9-tHI3YRqY6XKXN13uGvU7-2hWmyXsNwzKD84U05LFxkXEORXfet-K9T7Ak7mLEjFtjskbP.K7AH9FQfdFxQDKGgaX19qE8-AxR6b_hiPez7hY0N23Y&dib_tag=se&keywords=Life-Size+Cardboard+Cutout+of+Danny+DeVito&qid=1729207807&sr=8-1?tag=bdsmbbq-21
Toilet Golf Game,$17.99,https://www.amazon.com/sspa/click?ie=UTF8&spc=MTo4OTM2MjcwNjE0NDk5NTY4OjE3MjkyMDc4MTc6c3BfYXRmOjMwMDE3NTQ3NzQ5MzcwMjo6MDo6&url=%2FGOODLYSPORTS-Game-Practice-Bathroom-Time-Funny-Christmas%2Fdp%2FB0BBCHQJSN%2Fref%3Dsr_1_1_sspa%3Fdib%3DeyJ2IjoiMSJ9.JxQGZ9IdaaRUxigUiu0NHdDZXKEtpD6BS0URuqZmRIm9uTJnSdD9MDSSgPUukfC4FLsK6xcyEr5Dedrvk6QLB4NCPNbU2Mq4SR68j6kYm5fkPQvqjkUgjM9aB-K6ldyc9cfDR-6p280_hJkTfTdc9LmMEQk29j8C6wQtaiORBJSNOW7ZKCd_ICwWpYX2z97qKGWsCn5bY_Pc7zNVy9eNn0vZsV3S4XL-brDpBiH4sAwqCs__0bKK7eX6qDcz7H52O6Evp7svbKU2S9AKLOylYkWaygwMXuoslof_zwFBc78.sfpzcDRtk2hHtNaxlGn_teSPY8SbVePZowCj4FxHvY0%26dib_tag%3Dse%26keywords%3DToilet%2BGolf%2BGame%26qid%3D1729207817%26sr%3D8-1-spons%26sp_csd%3Dd2lkZ2V0TmFtZT1zcF9hdGY%26psc%3D1?tag=bdsmbbq-21
Unicorn Meat,$9.99,https://www.amazon.com/Exclusive-Plushies-Essentials-Hilarious-Imaginative/dp/B09Y1J97Q9/ref=sr_1_1?dib=eyJ2IjoiMSJ9.FXt15xY5j0ZKczpcqFGHcEljMyuGJpMFiwc_j7Fu9nB_abFqINaxc3k-dLQ0aJsifzAdS7wFNF7RHpfPaHwiynHtxJ3zPGm31GiM4rA6MEo6kWswgtNnLk4rhlqK1NwX54BQ88j4_8lw-QoA1b-pw53dpeiM78hVCP31HulRfC3rZ1N25cQw56mzgyNYuUeTBnqcR99BBaM2LH_Iq89Nx5lPFaElrLsfPMuZ1W-Ms07CnsOjI5X7YVCRe2mvBf5OB5Dc0j9TbA_MsMcWDDONbf5IxK7QDYq_U91gOHNDnpU.NXa7cOdUoFDpnTeZw_S4WL5xlLUcCMMScjWf_GfxddM&dib_tag=se&keywords=Unicorn+Meat&qid=1729207829&sr=8-1?tag=bdsmbbq-21
Emergency Underpants,$11.99,https://www.amazon.com/sspa/click?ie=UTF8&spc=MTo1MDcwMzk0NTE1NzgxNzY3OjE3MjkyMDc5MTE6c3BfYXRmOjIwMDA5MTU2MDI1MTcxMTo6MDo6&url=%2FBrown-Commandos-Emergency-Underpants-Pairs%2Fdp%2FB07PK5MSVX%2Fref%3Dsr_1_1_sspa%3Fdib%3DeyJ2IjoiMSJ9.nInBPQvzNFd37y1AJpgKI5AJ_WvyEi-g3cSaaRH36cAsH998bPNVu5fLZALRq9W3nYwj5vkPhSB4hoEe-17VxnMMZN9k6DQUGD7OolIRO_n3F72lUG58Hf4i8fySs-kAMk2IX2OzVCDmBb7WjYptsbKUfRGq9F5N-GLT6zF2FkoSB6bxDLpEgW1V7nNnxQB1ksOcukcMe8UMIQOWTv9fgD7YN8Wm2q3tD2bOxhyLyHG8G4xSpn-Q7JeI-RlFtk2hS9Glxdbk_aPmxwEs2vc8rH263XOzQSGXTtxeg_8avIQ.vDtM-66y8egXsH4OXOQtjwlVmX8K04p5B01O6imq0Vc%26dib_tag%3Dse%26keywords%3DEmergency%2BUnderpants%26qid%3D1729207911%26sr%3D8-1-spons%26sp_csd%3Dd2lkZ2V0TmFtZT1zcF9hdGY%26psc%3D1?tag=bdsmbbq-21
Cat DJ Scratching Turntable,$25.95,https://www.amazon.com/SUCK-UK-CARDBOARD-TURNTABLE-MIXER/dp/B006YR6EK8/ref=sr_1_2?dib=eyJ2IjoiMSJ9.OhvN5TGia2t61I0YQNkHfY5JmlmhBcRSQ9zgsaeaFD_3ED3LFCzGxriYHIbFMfcmWjfXtss3vYDFFGIZgSrZM4QsfG_Sl8qTigujVzFZCJPXKVCxevTld12py0Tb-1ktBUxLMovqFHe-X7_SV2ZogMa-diVGZt64RUBmo5WgF6TfGSO5XuuHbBkbv_CDkpwsVmi0THWvVP6aHQEhQQwJJTbjH4mtCmS_5-nIQStKGl7ABCoHuqqZ2I8X9uz29Y2zwxzl_6Uz9c6kGJdTfaRw5SYhpcA-7TDJO5ob0-3BL3g.CZdM8y-jL2PhjtAiTSLhoFhEy8R5P0RwIGbYYSaSZFk&dib_tag=se&keywords=Cat+DJ+Scratching+Turntable&qid=1729207982&sr=8-2?tag=bdsmbbq-21
Poop Emoji Slippers,$17.99,https://www.amazon.com/CAFOLO-Slippers-Comfortable-Non-Skid-Footpads/dp/B07H3MC214/ref=sr_1_2?dib=eyJ2IjoiMSJ9.p9F1PlqUmNLEmW8FFNxo9Ec1-Mh1PwMElW8QMXaBZJqV39Sl1kre3QXOnRjXREQoNa-CO4aDSFZRNhUcuXVOFiVCGKEkvyoc5QEwF49AZSwkeXpr1L-4P4gVJFRrsHvipWkE1urrsaTt3mHsV2rV1jUE0BYiy5YkEuTPtxWuMxXZ9FSJ6xjfZfBLVvgzFchPgARlXHAzVkU43Zj1LzCCtoiKQNUfjrYY3X00wdiEHQcnin_zxVWHG_7DPC6XCWUVI0IiFzn8usZjJ0PIqLHsS5GkLlJKoZ8uYCy3En9_TZs.2SNgx6U9K2soUQiIAKQ90XbgbEsF2Ma5BmJE04nT_ik&dib_tag=se&keywords=Poop+Emoji+Slippers&qid=1729208010&sr=8-2?tag=bdsmbbq-21
Chicken Harness with Leash,$14.99,https://www.amazon.com/sspa/click?ie=UTF8&spc=MTozNDAxMzM4OTI5MDQ3NDU6MTcyOTIwODAzOTpzcF9hdGY6MzAwMzI4NDgwMzgwOTAyOjowOjo&url=%2FYesito-Chicken-Harness-Matching-Leash%2Fdp%2FB07D1JQ664%2Fref%3Dsr_1_1_sspa%3Fdib%3DeyJ2IjoiMSJ9.fpOd4QrLMYVYr_W6mzOcvbJOPVpGkgMCWgw0MeE2jXcDQauDZ9WHqW6s3AdFPscQse9t1f5oM6HmgqCu4pprJ0Yaxq5o4Ojvr2bwDFq7rTMdqTBxO2vl-gMULFr055Oi2GNAl7xtBNU6bvzNSrlypHSSC9r2D_X_odV6AP0xVOC3kXTEc-devignskozSVbRLtfjgha_YRnuWsiq7KNZvguoTxSGDC3TPYksByUNIK-iKuK5rGDOtagEPn6tUbZIboa9ZETxv8pirQKdrQpAFS2NfdSy28zvqs6DJ8BaMo4.ubfEt-nNPJUsKL_OPkDVSiBqhSweg3MTogSR5hsLOLg%26dib_tag%3Dse%26keywords%3DChicken%2BHarness%2Bwith%2BLeash%26qid%3D1729208039%26sr%3D8-1-spons%26sp_csd%3Dd2lkZ2V0TmFtZT1zcF9hdGY%26psc%3D1?tag=bdsmbbq-21
Handerpants,$13.32,https://www.amazon.com/Archie-McPhee-Handerpants-Underpants-Hands/dp/B002Q0L6UK/ref=sr_1_1?dib=eyJ2IjoiMSJ9.AjAq1AdIhYxU0RJRRTRocAMPjYwyBDABE8Z_OUqSqiqXdWKGfIvUU0cKVh08DmnWrQbGuuiov71nHfCdENL9BdqIPZQUXUGFlcsdRJZkENNRbZOiVqC7E90eG1qX3uXTZ-4QcyugJh--IU55-7fRmPHD-wfhH0GxFjd23UCVCBoniToZu1Afrc6BZtsQdm0pj_ZEI_wZY8UrsHY7QJ8Zk9zcpzW1urA3-AyLJ7tN68aCtFzivNidJiCXUlKDXa1WCH-DDRVENYcMFDAVNIxA3oTP2IhKW_5tlgycrHC0shA.MZpk3kOgJMrKW_4C2l0tJOej42XWIjW4XAT77IbhHag&dib_tag=se&keywords=Handerpants&qid=1729208052&sr=8-1?tag=bdsmbbq-21
Bread-Shaped Pillow,$25.99,https://www.amazon.com/sspa/click?ie=UTF8&spc=MToyMDQwNzQ1MTg3OTA3NDMyOjE3MjkyMDgwNjM6c3BfYXRmOjIwMDAxNDg1Nzc5MDg1MTo6MDo6&url=%2FSimulation-Pillow-Lumbar-Cushion-Stuffed%2Fdp%2FB07SHP29DM%2Fref%3Dsr_1_1_sspa%3Fdib%3DeyJ2IjoiMSJ9.YieIwkfrKVDdyHwV30d0pNqAm3hrT7wrhLA8Ue9fKRvAzq35F3F07ZOPqqvwI4RVyYIv-WNZqJe9HHEiKmXc6vNXZEElvt2kSNaZpg4iNR0SHLZzHIXkxIlHAGaAnG0E2dI1dmRxWQopvf4_igYGRSyDqocuEHkQFyjy8FQbjHrqUPJ6201cmIEoe5Y68TGqaOXigd2OUxf06ejhrO1yCMs8ad6iEzFkCn2rbl_9ycDSdCe2Mn7REfahDvW9d8Ba7eiq8gpS93TO0ZZyii52msFPXJKBDWWKSslQZ_FBlhQ._D7oLZIUJxFqyMkCPhad1wnBcr0tobTtbf4C42_5Te4%26dib_tag%3Dse%26keywords%3DBread-Shaped%2BPillow%26qid%3D1729208063%26sr%3D8-1-spons%26sp_csd%3Dd2lkZ2V0TmFtZT1zcF9hdGY%26psc%3D1?tag=bdsmbbq-21
Inflatable Tube Guy,$229.99,https://www.amazon.com/sspa/click?ie=UTF8&spc=MTo1MzM0NTA4NzEwOTcxMjM1OjE3MjkyMDgwNzI6c3BfYXRmOjIwMDAwNzMwOTEyNjc2MTo6MDo6&url=%2FMOUNTO-Puppet-Dancing-Complete-20-Feet%2Fdp%2FB07FZ6V8W6%2Fref%3Dsr_1_1_sspa%3Fdib%3DeyJ2IjoiMSJ9.jEZ9rMh6KPWowFw0irlSBHapCYTebdfP2GwM8H-pggBXX7VCCJhVfXRnPuI-NPpPwO40xILLuPxnBX0Dp-0XeA2LxUottVLFE6fEJMph2V0DMGDKOjWqfGlVNbPTQSTdW3r34T_nLA1yzvOZqAvyEMvQ9mNf3xE0jhFqsilJslCnlt6AB0Ncx5QPQokwpweSlqujC0qsakpfJXOlk3rA3bJVEUhHvDXHnMaeo-mdESuOLGEdJOa7ZpEhYmvNh8CsAr2wnu6pZL-K8cNMYDBcm_bpMHKNX6RDc2_xgQHWEtQ.lanCp3YLy4H86ctLZbW5GGO1JAIydWXkebbYPj_fEMw%26dib_tag%3Dse%26keywords%3DInflatable%2BTube%2BGuy%26qid%3D1729208072%26sr%3D8-1-spons%26sp_csd%3Dd2lkZ2V0TmFtZT1zcF9hdGY%26psc%3D1?tag=bdsmbbq-21
Unicorn Onesie Pajamas,$29.99,https://www.amazon.com/sspa/click?ie=UTF8&spc=MTo2Njk0ODk0NDMyNzYwODk2OjE3MjkyMDgwODU6c3BfYXRmOjIwMDA4NzQ2MjU5NDE5ODo6MDo6&url=%2FABENCA-Pajamas-Christmas-Halloween-Onepiece%2Fdp%2FB07FLX3621%2Fref%3Dsr_1_1_sspa%3Fdib%3DeyJ2IjoiMSJ9.Vi6wAzUs-6diTyJp_RSVcGWAgcY2xuNzZmSxLv6puSI7MEONAhtuvT1IjEjSQ05qsEIaMFrC93dWdtkusRLKmqBbkYuIREnGxjKzEESZth2s7QmkO-bLdHXwdIZXZxPqkMIy_E-EzKOdFNKd4A9vljPJjIvJi1JvP8mVCpYlSuwTVOJ0JqHw6Luks52InA-DrIy7WAWHebbIc-n3GVpBw7H9Wyb5LnKUp3YV-wJcbVbIAa5dl2GbqacYZBh8K3OhTFMbdZ0jMOSudJ7dmFcxQoCCY_8_z1UgCK1MWtlfk_o.W669Tiv-H0HTdWgDIhozz7j0d7JIcuvbj_vEVpLtucA%26dib_tag%3Dse%26keywords%3DUnicorn%2BOnesie%2BPajamas%26qid%3D1729208084%26sr%3D8-1-spons%26sp_csd%3Dd2lkZ2V0TmFtZT1zcF9hdGY%26psc%3D1?tag=bdsmbbq-21
LED Shoelaces,$9.96,https://www.amazon.com/sspa/click?ie=UTF8&spc=MToxODM1NjQyNjU4Nzc4NjEwOjE3MjkyMDgwOTQ6c3BfYXRmOjIwMDA2OTIyMTUyNDc4MTo6MDo6&url=%2FFlammi-Shoelaces-Lighting-Hip-hop-Dancing%2Fdp%2FB00UMV8G1W%2Fref%3Dsr_1_1_sspa%3Fdib%3DeyJ2IjoiMSJ9.Y9PaV6p6lC4S_LodWJfOQlrpWG6K1IFyD92BL1cRGnjoOOBdt5R4pG3q2uajOhVAvjecRrOMgLZPcUSFTC4VPzRIoD6gcp1gVYCuoJ6rqvWTkNk23Dbn7Vit_D51rrsjQtz1TJajRc93c-IkEDBWoJI2Nr3S14U6nJg_QIAbDf682WK9Sv4rUwuGG-MxsKLqX_hExKUmdWY4WCRNgp6pvbkNe7arxtBGYRFZwBILM4onEZ_FmcbDtAv9GO2w5FHJtF1C4Me_Vi77V_esMQYr20M0ifC2ZLpPFdWE7r40L8I.yC8hnhrSc-Bn50Z7TNDwYm_7y598877wD-NVNVo00nY%26dib_tag%3Dse%26keywords%3DLED%2BShoelaces%26qid%3D1729208094%26sr%3D8-1-spons%26sp_csd%3Dd2lkZ2V0TmFtZT1zcF9hdGY%26psc%3D1?tag=bdsmbbq-21
Fake Belly Fanny Pack,$9.99,https://www.amazon.com/sspa/click?ie=UTF8&spc=MTo5MTk4MzQxMjEyMjgzNjM6MTcyOTIwODEwNzpzcF9hdGY6MzAwNDAzMzIwODQwMDAyOjowOjo&url=%2FDad-BOD-Fanny-Belly-Christmas-Elephant-Gifts-Exchange%2Fdp%2FB076J8R7YK%2Fref%3Dsr_1_1_sspa%3Fdib%3DeyJ2IjoiMSJ9.14Ha88aHl301IevNyVtToXU02rRHwJCnqVh040W3owiRCJRCcM0B7jof011St5t9jSUcpG0Zg-2AvVpUrX2qwSQfrA7bCNtYhY4Ai0225o_Fh5V8MCAO5qIlrRmiymvs5Yv8SQ-BcUknx-0z73F1OcxF1UC-lHxr_TpC5qEieegk0bDWBQjrgq-VqmR0YS5pB77VwVwhwICayMvSq3L2_jNdZTn79u1O3oRu7n8NzndtRWfrZLNbEh_OO-xICy4bhb95Ynt7fEe2mK3rORuKOEpHdcJIFJnV9f2gIlQjzOA.rPup9Sv5MslrPtceJeRowQZIX9XJI1cWnIarzToPXJo%26dib_tag%3Dse%26keywords%3DFake%2BBelly%2BFanny%2BPack%26qid%3D1729208107%26sr%3D8-1-spons%26sp_csd%3Dd2lkZ2V0TmFtZT1zcF9hdGY%26psc%3D1?tag=bdsmbbq-21
Pickle Rick Plush Toy,$39.99,https://www.amazon.com/sspa/click?ie=UTF8&spc=MTozMTkyMTgwNzU0MTY5MDg5OjE3MjkyMDgxMTY6c3BfYXRmOjIwMDA0MDA2NzE3ODU0MTo6MDo6&url=%2FRICK-MORTY-Pickle-Plush-Pillow%2Fdp%2FB07F718C53%2Fref%3Dsr_1_1_sspa%3Fdib%3DeyJ2IjoiMSJ9.I2_nV5zDXLvNByjGOj6QumQkJb4RYYK7AgIqoU2HrKAW8v99V06y6hfITg9Ymj8tARPmOTEU4O81eB343WP-ZHrF0xray75cztwS4Hm6gAwr-bGVKWB8KvvSihtOPnREOXaUax15u-gqseSIwAN6XDV5X7gLep2ir9KBeUKdYaL-6v8z2V5TzyBckg7Pa8Qjc9X9mji9psrmvto-8-0_XnpJEA1_t_DPeGpPoHtSX92NAjbvGZEAR3TQQGFwFvPCv1RTDDZqneE4IAJ_V9pPn1H6zxTJQhUJQIYPRgP4l6I.BBqtv-p4r7MqfJiodpynq0rtmxyUVL7tLrTzQpC2FTk%26dib_tag%3Dse%26keywords%3DPickle%2BRick%2BPlush%2BToy%26qid%3D1729208116%26sr%3D8-1-spons%26sp_csd%3Dd2lkZ2V0TmFtZT1zcF9hdGY%26psc%3D1?tag=bdsmbbq-21
Giant Gummy Bear,$39.99,https://www.amazon.com/Gummygoods-Huggable-Gummy-Bear-Nightlight/dp/B00C1OER5W/ref=sr_1_2?dib=eyJ2IjoiMSJ9.kS2e7xFeV6uMeAAFECrld-fVi0Wm9hTR-UTETJ3xoVrw1Rb8IBfS9mcKHP6F77DDajIhP-fNNsAGZq7PCWA82fSwDMr-z9zZzu46JVsEaM8v3_U5Xrbe1HhAGs2mB7wTDAcbcZW0yqpUbLj2-ibuhEqR6OidAtQSPGX9RSVcZud8gd8yzp--y2sVxf90nUxxN8mFjQIr4bqyazSvnZSthRxKc99eCvW1qTUTZU1Lka_ZMHlvksfFfYVzL9oIab0OemDwrpX9CItb77H_b6uoey5H4R6BngGZHH2ukJbf8ag.55blIZ3YlESO3Lnh3OtPUDUVap2-6kACBol6oMkLoKI&dib_tag=se&keywords=Giant+Gummy+Bear&qid=1729208166&sr=8-2?tag=bdsmbbq-21
Rubber Horse Head Mask,$12.99,https://www.amazon.com/sspa/click?ie=UTF8&spc=MTo0MTczNjA3MzAwNTkxMzoxNzI5MjA4MTg0OnNwX2F0ZjoyMDAxMjU1MzgzODg2OTg6OjA6Og&url=%2Fmolezu-Halloween-Novelty-Deluxe-Black%2Fdp%2FB075LFV48M%2Fref%3Dsr_1_1_sspa%3Fdib%3DeyJ2IjoiMSJ9.mG1AXpvTwNAsnQ5Fc3JmSS7440QXrSu99upif2I3f11Nh-paeVXOvQHLV-X5OAF5DeXj6gT47kd-iMcGRYX32FmPkDcGqPfUeB3fGzSoPxBJnzH520GQm3OXGRM1n7kbxML8W276QH5kn74Xu4VwtVSU1II6MIPtMq90PnedUk_dUQbpPeC4d7bNoNeDV1RyCLx3LunUHvLZm0I28r__xXYiMtsp4q1gSIgW7n9mTiMHYT9hqC07J6R_70nNtV1saPMDeeNG72MlfM-oLO9-0HXBgEjDTvWF5rTWc6tDHdg.lGdZltPHs0Df_CI1LZL8cZnO7jlhvS-4U8xifLC_Pbg%26dib_tag%3Dse%26keywords%3DRubber%2BHorse%2BHead%2BMask%26qid%3D1729208184%26sr%3D8-1-spons%26sp_csd%3Dd2lkZ2V0TmFtZT1zcF9hdGY%26psc%3D1?tag=bdsmbbq-21
Pooping Pooches Calendar,$14.98,https://www.amazon.com/sspa/click?ie=UTF8&spc=MTozNzAzNzU4Njk4NDA5MDE5OjE3MjkyMDgxOTY6c3BfYXRmOjMwMDMzNzkxNjkxMTgwMjo6MDo6&url=%2FPooping-Calendar-Elephant-Monthly-Calander%2Fdp%2FB08NTWYT4C%2Fref%3Dsr_1_1_sspa%3Fdib%3DeyJ2IjoiMSJ9.r_5Ktj2lmdQo5SD9wpBmiR825tW_-BPorYKY9qyZk4cwpVWm2rswikx53uyTqmrWgNKOcCxDDyCR9uJZBWm9MBotnhNBs_nL9TvIX7VWtz6ASr8h3Ybun3buWIO8ky8lTFrOTaX5XhqobNke26UZokDBrPkULjS3uXOsNszFRLS5dj4ZXVdLrIC1KBje64HzKidtEE5WFCbbSN-Jb0MvI55XpIksb0jYB8tZ_TCvoKIUehKpg-tjomSs07ehAJ89plDE6xtDBirmv1-5YutrK_K9MQ69cDFMZRy-G6Joc0Y.p2jvvHZhFghqlUfyIEccimdfGmd7kb5x-7L5sk2HKbM%26dib_tag%3Dse%26keywords%3DPooping%2BPooches%2BCalendar%26qid%3D1729208196%26sr%3D8-1-spons%26sp_csd%3Dd2lkZ2V0TmFtZT1zcF9hdGY%26psc%3D1?tag=bdsmbbq-21
Pug in a Mug Tea Infuser,$6.99,https://www.amazon.com/Paladone-Noki-Pug-Mug-Infuser/dp/B00KBSTDWC/ref=sr_1_2?dib=eyJ2IjoiMSJ9.MgnyEbazCC_udF5-dYqybGvcGCdT-_3N3GbHOmm2KbPxLyd-BEw5iuxUqeOkxXOp6KMUoI4I7nVQ7SiPW8AnTFSsduafVRF3Q-jKBnlYdUb4IUsMZgJH8rnt5fqUCmL_Yk4xxnqazqicJq-5PbpaE_UWhhe7rG3uWW-mINQhu0Ucn0dQnMZjpyxSKcsF-cjhZzjMNXMmLJVLwdfhR9wEnrbhWI6FaJmQr-QprzyqenpgjgN190UwG3v_Y4PY20RF3-85AOy6O-RJOjpeUTkGpKFlBh4MPEMSG3PMTCYzCok.XazFMajYFkKB0IV5IGISIxV1o7sJUA8h8fhodsXJ3W0&dib_tag=se&keywords=Pug+in+a+Mug+Tea+Infuser&qid=1729208250&sr=8-2?tag=bdsmbbq-21
Pizza Blanket,$25.88,https://www.amazon.com/sspa/click?ie=UTF8&spc=MTozNzcyNTU1ODAwNjgxMDQ0OjE3MjkyMDgyNzI6c3BfYXRmOjMwMDQ0MzI2MDM3MTgwMjo6MDo6&url=%2FBcareself-Realistic-Personalized-Everyone-Pepperoni%2Fdp%2FB0CX15KF39%2Fref%3Dsr_1_1_sspa%3Fdib%3DeyJ2IjoiMSJ9.NMnvd-geBbnMTEyaozOLQjQ-pUE5LM1571E71dCSYofW0G3osGsdgT2Vf8kBVU7TDggWyK4qT1KRDxuV3gdFFuN09ibQ0eAG60EvNnMYPd6EIWnsZrUXyW3lIApLPgk7IAQOlxlZCElr21UhaCsYaGhr23aG9di7ZXEzioESNmKD7M5AzYLBv2kY5g7-aWtJJIvjCvnKsZWbqTHeta1vduNnjkxcYbPnY0l4UofyR9W3DUpDVx9eSh1tPAzX-FwusFV8q97KHCHTV44plzt5JJ6unCEL9FRnipSuW4hAhk4.uPXr-lk-nf6dyHKMpZDLT6aEfCEIlL973yUk1VY870E%26dib_tag%3Dse%26keywords%3DPizza%2BBlanket%26qid%3D1729208272%26sr%3D8-1-spons%26sp_csd%3Dd2lkZ2V0TmFtZT1zcF9hdGY%26psc%3D1?tag=bdsmbbq-21
Sloth Shower Curtain,$25.99,https://www.amazon.com/sspa/click?ie=UTF8&spc=MTozNzk0MTM2NDcwNzAxNDA6MTcyOTIwODI4NDpzcF9hdGY6MzAwMjU1MzgyNjM1NTAyOjowOjo&url=%2FVODRM-Moonlight-Curtain-Whimsical-Nighttime%2Fdp%2FB0D5V5HWMJ%2Fref%3Dsr_1_1_sspa%3Fdib%3DeyJ2IjoiMSJ9.KqbzC6RbsJqhKPUZrPi8jsojOSLoFvPxqgG_bb9FruqFrOZWYc9GvPzdKavcOCO_EF4Y1yTYmk20rWPYb2vrWI205Cbb-O6ABJWdj1e-upyRGst6rRxN2GA80-7_e2DrNuOSiE4tIGjuSVGhx69tmJAn5E0pzQfhTt96OUm-hplDMHKC9rL26WCwptJQLHADmQ1f79Z5r97GY1NGwBbuAkaWvuS-b3auqhJxvZq_WaZFLoK2tb4UJMNKSff1wX8f3DnfSFXHTiM2PFfjOWkEMOR5EOxeyFI3Mf-ywUy8HKk.50RpF04AWSpzNNF4_7OpdS8BxtZjPF0i-TRTOwmjqh0%26dib_tag%3Dse%26keywords%3DSloth%2BShower%2BCurtain%26qid%3D1729208284%26sr%3D8-1-spons%26sp_csd%3Dd2lkZ2V0TmFtZT1zcF9hdGY%26psc%3D1?tag=bdsmbbq-21
Shark Attack Bath Bomb,$11.99,https://www.amazon.com/Shark-Attack-Bath-Bombs-Fizzers/dp/B07FDM4ZLR/ref=sr_1_3?dib=eyJ2IjoiMSJ9.bBPauMp4jAfR9KBKDCRPlRxDYBloHVxb65u-nLVmrM3Z6DkUmlOCXe4XwU3TBazfzb2e_LcVATJ6MjuElbAKDbxkrogxA5DT9nDoAXk8gAKx_M4lG_o4Js1X0LDPpF77QDfEUWdkUjJ2aqhRjIHQbOW-oxEfbXUpoYjpuqtN_9HfgIW91vf4PKj19KWhZQxNR_-os15LGGo965nHF3ywa1ikW-La_oyuhoKpPgJTrZuJkgTkhqEfxpBJAdbmEacLE-xgGbdSEohUq01puGxS4np_AuVI2i9swPmMeI_DcHs.xAER8xRzZNom4R5QVaLly2GJFwXNy3eZRoT9IDSMvFA&dib_tag=se&keywords=Shark+Attack+Bath+Bomb&qid=1729208307&sr=8-3?tag=bdsmbbq-21
Crocheted Beard Beanie,$35.99,https://www.amazon.com/Viking-Barbarian-Handmade-Knitted-Beanie/dp/B0BZ43MTZT/ref=sr_1_3?dib=eyJ2IjoiMSJ9.DxzwM3dS95_aLeOArekpBeqqvJtJmqNGt1-Y3UzJ4OzlRzNEmFrZF9TCMxLBsSE5UtHcYHUVuSK2bM7VXXZrY0Lc4Gs0zy-ree0aI1PEyNKZ9rWGfQaQSs5FXdWtK2JKfNFJosLm-Eek9kkA_dbxTsPGFpdCAgmwbeVobRO_a5F1BmEy1zMBgQw7Xt6pcc0npdT9PHTqp9xYmPvGvsTOO8ri1-1hxkI1i3LGGSoTVXpl1aog0dCBQlXcckU9wXux2XfMODnvQXtJbinrWoJSyVK0wZfztB5CY__s6nbXjW4.MvDl0_RoW6OOeleCxpnQPMSGd6v_VC7MSrYTiFlhmBM&dib_tag=se&keywords=Crocheted+Beard+Beanie&qid=1729208384&sr=8-3?tag=bdsmbbq-21
